sample-id	age	ethnicity	isolate	sex	tissue
SRR3216589_1	26	AfricanAmerican	Scalp	male	Skin
SRR3216590_1	26	AfricanAmerican	Scalp	male	Skin
SRR3216591_1	26	AfricanAmerican	Axilla	male	Skin
SRR3216592_1	26	AfricanAmerican	Axilla	male	Skin
SRR3216593_1	26	AfricanAmerican	Arm	male	Skin
SRR3216594_1	26	AfricanAmerican	Arm	male	Skin
SRR3216595_1	26	AfricanAmerican	Scalp	male	Skin
SRR3216596_1	26	AfricanAmerican	Scalp	male	Skin
SRR3216597_1	26	AfricanAmerican	Axilla	male	Skin
SRR3216598_1	26	AfricanAmerican	Axilla	male	Skin
SRR3216599_1	26	AfricanAmerican	Arm	male	Skin
SRR3216600_1	26	AfricanAmerican	Arm	male	Skin
SRR3216601_1	27	AfricanAmerican	Scalp	male	Skin
SRR3216602_1	27	AfricanAmerican	Scalp	male	Skin
SRR3216603_1	27	AfricanAmerican	Axilla	male	Skin
SRR3216604_1	27	AfricanAmerican	Axilla	male	Skin
SRR3216605_1	27	AfricanAmerican	Arm	male	Skin
SRR3216606_1	27	AfricanAmerican	Arm	male	Skin
SRR3216607_1	22	AfricanAmerican	Scalp	male	Skin
SRR3216608_1	22	AfricanAmerican	Scalp	male	Skin
SRR3216609_1	22	AfricanAmerican	Axilla	male	Skin
SRR3216610_1	22	AfricanAmerican	Axilla	male	Skin
SRR3216611_1	22	AfricanAmerican	Arm	male	Skin
SRR3216612_1	22	AfricanAmerican	Arm	male	Skin
SRR3216613_1	30	AfricanAmerican	Scalp	male	Skin
SRR3216614_1	30	AfricanAmerican	Scalp	male	Skin
SRR3216615_1	30	AfricanAmerican	Axilla	male	Skin
SRR3216616_1	30	AfricanAmerican	Axilla	male	Skin
SRR3216617_1	30	AfricanAmerican	Arm	male	Skin
SRR3216618_1	30	AfricanAmerican	Arm	male	Skin
SRR3216619_1	26	AfricanAmerican	Scalp	male	Skin
SRR3216620_1	26	AfricanAmerican	Scalp	male	Skin
SRR3216621_1	26	AfricanAmerican	Axilla	male	Skin
SRR3216622_1	26	AfricanAmerican	Axilla	male	Skin
SRR3216623_1	26	AfricanAmerican	Arm	male	Skin
SRR3216624_1	26	AfricanAmerican	Arm	male	Skin
SRR3216625_1	26	AfricanAmerican	Scalp	male	Skin
SRR3216626_1	26	AfricanAmerican	Scalp	male	Skin
SRR3216627_1	26	AfricanAmerican	Axilla	male	Skin
SRR3216628_1	26	AfricanAmerican	Axilla	male	Skin
SRR3216629_1	26	AfricanAmerican	Arm	male	Skin
SRR3216630_1	26	AfricanAmerican	Arm	male	Skin
SRR3216631_1	27	AfricanAmerican	Scalp	male	Skin
SRR3216632_1	27	AfricanAmerican	Scalp	male	Skin
SRR3216633_1	27	AfricanAmerican	Axilla	male	Skin
SRR3216634_1	27	AfricanAmerican	Axilla	male	Skin
SRR3216635_1	27	AfricanAmerican	Arm	male	Skin
SRR3216636_1	27	AfricanAmerican	Arm	male	Skin
SRR3216637_1	21	AfricanAmerican	Scalp	male	Skin
SRR3216638_1	21	AfricanAmerican	Scalp	male	Skin
SRR3216639_1	21	AfricanAmerican	Axilla	male	Skin
SRR3216640_1	21	AfricanAmerican	Axilla	male	Skin
SRR3216641_1	21	AfricanAmerican	Arm	male	Skin
SRR3216642_1	21	AfricanAmerican	Arm	male	Skin
SRR3216643_1	21	AfricanAmerican	Scalp	male	Skin
SRR3216644_1	21	AfricanAmerican	Scalp	male	Skin
SRR3216645_1	21	AfricanAmerican	Axilla	male	Skin
SRR3216646_1	21	AfricanAmerican	Axilla	male	Skin
SRR3216647_1	21	AfricanAmerican	Arm	male	Skin
SRR3216648_1	21	AfricanAmerican	Arm	male	Skin
SRR3216649_1	26	AfricanAmerican	Scalp	male	Skin
SRR3216650_1	26	AfricanAmerican	Scalp	male	Skin
SRR3216651_1	26	AfricanAmerican	Axilla	male	Skin
SRR3216652_1	26	AfricanAmerican	Axilla	male	Skin
SRR3216653_1	26	AfricanAmerican	Arm	male	Skin
SRR3216654_1	26	AfricanAmerican	Arm	male	Skin
SRR3216655_1	26	AfricanAmerican	Scalp	male	Skin
SRR3216656_1	26	AfricanAmerican	Scalp	male	Skin
SRR3216657_1	26	AfricanAmerican	Axilla	male	Skin
SRR3216658_1	26	AfricanAmerican	Axilla	male	Skin
SRR3216659_1	26	AfricanAmerican	Arm	male	Skin
SRR3216660_1	26	AfricanAmerican	Arm	male	Skin
SRR3216661_1	28	AfricanAmerican	Scalp	male	Skin
SRR3216662_1	28	AfricanAmerican	Scalp	male	Skin
SRR3216663_1	28	AfricanAmerican	Axilla	male	Skin
SRR3216664_1	28	AfricanAmerican	Axilla	male	Skin
SRR3216665_1	28	AfricanAmerican	Arm	male	Skin
SRR3216666_1	28	AfricanAmerican	Arm	male	Skin
SRR3216667_1	27	AfricanAmerican	Scalp	male	Skin
SRR3216668_1	27	AfricanAmerican	Scalp	male	Skin
SRR3216669_1	27	AfricanAmerican	Axilla	male	Skin
SRR3216670_1	27	AfricanAmerican	Axilla	male	Skin
SRR3216671_1	27	AfricanAmerican	Arm	male	Skin
SRR3216672_1	27	AfricanAmerican	Arm	male	Skin
SRR3216673_1	26	AfricanAmerican	Scalp	male	Skin
SRR3216674_1	26	AfricanAmerican	Scalp	male	Skin
SRR3216675_1	26	AfricanAmerican	Axilla	male	Skin
SRR3216676_1	26	AfricanAmerican	Axilla	male	Skin
SRR3216677_1	26	AfricanAmerican	Arm	male	Skin
SRR3216678_1	26	AfricanAmerican	Arm	male	Skin
SRR3216679_1	26	AfricanAmerican	Scalp	male	Skin
SRR3216680_1	26	AfricanAmerican	Scalp	male	Skin
SRR3216681_1	26	AfricanAmerican	Axilla	male	Skin
SRR3216682_1	26	AfricanAmerican	Axilla	male	Skin
SRR3216683_1	26	AfricanAmerican	Arm	male	Skin
SRR3216684_1	26	AfricanAmerican	Arm	male	Skin
SRR3216685_1	26	AfricanAmerican	Scalp	male	Skin
SRR3216686_1	26	AfricanAmerican	Scalp	male	Skin
SRR3216687_1	26	AfricanAmerican	Axilla	male	Skin
SRR3216688_1	26	AfricanAmerican	Axilla	male	Skin
SRR3216689_1	26	AfricanAmerican	Arm	male	Skin
SRR3216690_1	26	AfricanAmerican	Arm	male	Skin
SRR3216691_1	30	AfricanAmerican	Scalp	male	Skin
SRR3216692_1	30	AfricanAmerican	Scalp	male	Skin
SRR3216693_1	30	AfricanAmerican	Axilla	male	Skin
SRR3216694_1	30	AfricanAmerican	Axilla	male	Skin
SRR3216695_1	30	AfricanAmerican	Arm	male	Skin
SRR3216696_1	30	AfricanAmerican	Arm	male	Skin
SRR3216697_1	47	AfricanContinental	Scalp	male	Skin
SRR3216698_1	47	AfricanContinental	Scalp	male	Skin
SRR3216699_1	47	AfricanContinental	Axilla	male	Skin
SRR3216700_1	47	AfricanContinental	Axilla	male	Skin
SRR3216701_1	47	AfricanContinental	Arm	male	Skin
SRR3216702_1	47	AfricanContinental	Arm	male	Skin
SRR3216703_1	24	AfricanContinental	Scalp	male	Skin
SRR3216704_1	24	AfricanContinental	Scalp	male	Skin
SRR3216705_1	24	AfricanContinental	Axilla	male	Skin
SRR3216706_1	24	AfricanContinental	Axilla	male	Skin
SRR3216707_1	24	AfricanContinental	Arm	male	Skin
SRR3216708_1	24	AfricanContinental	Arm	male	Skin
SRR3216709_1	37	AfricanContinental	Scalp	male	Skin
SRR3216710_1	37	AfricanContinental	Scalp	male	Skin
SRR3216711_1	37	AfricanContinental	Axilla	male	Skin
SRR3216712_1	37	AfricanContinental	Axilla	male	Skin
SRR3216713_1	37	AfricanContinental	Arm	male	Skin
SRR3216714_1	37	AfricanContinental	Arm	male	Skin
SRR3216715_1	23	AfricanContinental	Scalp	male	Skin
SRR3216716_1	23	AfricanContinental	Scalp	male	Skin
SRR3216717_1	23	AfricanContinental	Axilla	male	Skin
SRR3216718_1	23	AfricanContinental	Axilla	male	Skin
SRR3216719_1	23	AfricanContinental	Arm	male	Skin
SRR3216720_1	23	AfricanContinental	Arm	male	Skin
SRR3216721_1	45	AfricanContinental	Scalp	male	Skin
SRR3216722_1	45	AfricanContinental	Scalp	male	Skin
SRR3216723_1	45	AfricanContinental	Axilla	male	Skin
SRR3216724_1	45	AfricanContinental	Axilla	male	Skin
SRR3216725_1	45	AfricanContinental	Arm	male	Skin
SRR3216726_1	45	AfricanContinental	Arm	male	Skin
SRR3216727_1	21	AfricanContinental	Scalp	male	Skin
SRR3216728_1	21	AfricanContinental	Scalp	male	Skin
SRR3216729_1	21	AfricanContinental	Axilla	male	Skin
SRR3216730_1	21	AfricanContinental	Axilla	male	Skin
SRR3216731_1	21	AfricanContinental	Arm	male	Skin
SRR3216732_1	21	AfricanContinental	Arm	male	Skin
SRR3216733_1	25	AfricanContinental	Scalp	male	Skin
SRR3216734_1	25	AfricanContinental	Scalp	male	Skin
SRR3216735_1	25	AfricanContinental	Axilla	male	Skin
SRR3216736_1	25	AfricanContinental	Axilla	male	Skin
SRR3216737_1	25	AfricanContinental	Arm	male	Skin
SRR3216738_1	25	AfricanContinental	Arm	male	Skin
SRR3216739_1	32	AfricanContinental	Scalp	male	Skin
SRR3216740_1	32	AfricanContinental	Scalp	male	Skin
SRR3216741_1	32	AfricanContinental	Axilla	male	Skin
SRR3216742_1	32	AfricanContinental	Axilla	male	Skin
SRR3216743_1	32	AfricanContinental	Arm	male	Skin
SRR3216744_1	32	AfricanContinental	Arm	male	Skin
SRR3216745_1	33	AfricanContinental	Scalp	male	Skin
SRR3216746_1	33	AfricanContinental	Scalp	male	Skin
SRR3216747_1	33	AfricanContinental	Axilla	male	Skin
SRR3216748_1	33	AfricanContinental	Axilla	male	Skin
SRR3216749_1	33	AfricanContinental	Arm	male	Skin
SRR3216750_1	33	AfricanContinental	Arm	male	Skin
SRR3216751_1	40	CaucasianAmerican	Scalp	male	Skin
SRR3216752_1	40	CaucasianAmerican	Scalp	male	Skin
SRR3216753_1	40	CaucasianAmerican	Axilla	male	Skin
SRR3216754_1	40	CaucasianAmerican	Axilla	male	Skin
SRR3216755_1	40	CaucasianAmerican	Arm	male	Skin
SRR3216756_1	40	CaucasianAmerican	Arm	male	Skin
SRR3216757_1	50	CaucasianAmerican	Scalp	male	Skin
SRR3216758_1	50	CaucasianAmerican	Scalp	male	Skin
SRR3216759_1	50	CaucasianAmerican	Axilla	male	Skin
SRR3216760_1	50	CaucasianAmerican	Axilla	male	Skin
SRR3216761_1	50	CaucasianAmerican	Arm	male	Skin
SRR3216762_1	50	CaucasianAmerican	Arm	male	Skin
SRR3216763_1	25	CaucasianAmerican	Scalp	male	Skin
SRR3216764_1	25	CaucasianAmerican	Scalp	male	Skin
SRR3216765_1	25	CaucasianAmerican	Axilla	male	Skin
SRR3216766_1	25	CaucasianAmerican	Axilla	male	Skin
SRR3216767_1	25	CaucasianAmerican	Arm	male	Skin
SRR3216768_1	25	CaucasianAmerican	Arm	male	Skin
SRR3216769_1	25	CaucasianAmerican	Scalp	male	Skin
SRR3216770_1	25	CaucasianAmerican	Scalp	male	Skin
SRR3216771_1	25	CaucasianAmerican	Axilla	male	Skin
SRR3216772_1	25	CaucasianAmerican	Axilla	male	Skin
SRR3216773_1	25	CaucasianAmerican	Arm	male	Skin
SRR3216774_1	25	CaucasianAmerican	Arm	male	Skin
SRR3216775_1	22	CaucasianAmerican	Scalp	male	Skin
SRR3216776_1	22	CaucasianAmerican	Scalp	male	Skin
SRR3216777_1	22	CaucasianAmerican	Axilla	male	Skin
SRR3216778_1	22	CaucasianAmerican	Axilla	male	Skin
SRR3216779_1	22	CaucasianAmerican	Arm	male	Skin
SRR3216780_1	22	CaucasianAmerican	Arm	male	Skin
SRR3216781_1	22	CaucasianAmerican	Scalp	male	Skin
SRR3216782_1	22	CaucasianAmerican	Scalp	male	Skin
SRR3216783_1	22	CaucasianAmerican	Axilla	male	Skin
SRR3216784_1	22	CaucasianAmerican	Axilla	male	Skin
SRR3216785_1	22	CaucasianAmerican	Arm	male	Skin
SRR3216786_1	22	CaucasianAmerican	Arm	male	Skin
SRR3216787_1	30	CaucasianAmerican	Scalp	male	Skin
SRR3216788_1	30	CaucasianAmerican	Scalp	male	Skin
SRR3216789_1	30	CaucasianAmerican	Axilla	male	Skin
SRR3216790_1	30	CaucasianAmerican	Axilla	male	Skin
SRR3216791_1	30	CaucasianAmerican	Arm	male	Skin
SRR3216792_1	30	CaucasianAmerican	Arm	male	Skin
SRR3216793_1	21	CaucasianAmerican	Scalp	male	Skin
SRR3216794_1	21	CaucasianAmerican	Scalp	male	Skin
SRR3216795_1	21	CaucasianAmerican	Axilla	male	Skin
SRR3216796_1	21	CaucasianAmerican	Axilla	male	Skin
SRR3216797_1	21	CaucasianAmerican	Arm	male	Skin
SRR3216798_1	21	CaucasianAmerican	Arm	male	Skin
SRR3216799_1	28	CaucasianAmerican	Scalp	male	Skin
SRR3216800_1	28	CaucasianAmerican	Scalp	male	Skin
SRR3216801_1	28	CaucasianAmerican	Axilla	male	Skin
SRR3216802_1	28	CaucasianAmerican	Axilla	male	Skin
SRR3216803_1	28	CaucasianAmerican	Arm	male	Skin
SRR3216804_1	28	CaucasianAmerican	Arm	male	Skin
SRR3216805_1	23	CaucasianAmerican	Scalp	male	Skin
SRR3216806_1	23	CaucasianAmerican	Scalp	male	Skin
SRR3216807_1	23	CaucasianAmerican	Axilla	male	Skin
SRR3216808_1	23	CaucasianAmerican	Axilla	male	Skin
SRR3216809_1	23	CaucasianAmerican	Arm	male	Skin
SRR3216810_1	23	CaucasianAmerican	Arm	male	Skin
SRR3216811_1	27	CaucasianAmerican	Scalp	male	Skin
SRR3216812_1	27	CaucasianAmerican	Scalp	male	Skin
SRR3216813_1	27	CaucasianAmerican	Axilla	male	Skin
SRR3216814_1	27	CaucasianAmerican	Axilla	male	Skin
SRR3216815_1	27	CaucasianAmerican	Arm	male	Skin
SRR3216816_1	27	CaucasianAmerican	Arm	male	Skin
SRR3216817_1	22	CaucasianAmerican	Scalp	male	Skin
SRR3216818_1	22	CaucasianAmerican	Scalp	male	Skin
SRR3216819_1	22	CaucasianAmerican	Axilla	male	Skin
SRR3216820_1	22	CaucasianAmerican	Axilla	male	Skin
SRR3216821_1	22	CaucasianAmerican	Arm	male	Skin
SRR3216822_1	22	CaucasianAmerican	Arm	male	Skin
SRR3216823_1	23	CaucasianAmerican	Scalp	male	Skin
SRR3216824_1	23	CaucasianAmerican	Scalp	male	Skin
SRR3216825_1	23	CaucasianAmerican	Axilla	male	Skin
SRR3216826_1	23	CaucasianAmerican	Axilla	male	Skin
SRR3216827_1	23	CaucasianAmerican	Arm	male	Skin
SRR3216828_1	23	CaucasianAmerican	Arm	male	Skin
SRR3216829_1	22	CaucasianAmerican	Scalp	male	Skin
SRR3216830_1	22	CaucasianAmerican	Scalp	male	Skin
SRR3216831_1	22	CaucasianAmerican	Axilla	male	Skin
SRR3216832_1	22	CaucasianAmerican	Axilla	male	Skin
SRR3216833_1	22	CaucasianAmerican	Arm	male	Skin
SRR3216834_1	22	CaucasianAmerican	Arm	male	Skin
SRR3216835_1	32	CaucasianAmerican	Scalp	male	Skin
SRR3216836_1	32	CaucasianAmerican	Scalp	male	Skin
SRR3216837_1	32	CaucasianAmerican	Axilla	male	Skin
SRR3216838_1	32	CaucasianAmerican	Axilla	male	Skin
SRR3216839_1	32	CaucasianAmerican	Arm	male	Skin
SRR3216840_1	32	CaucasianAmerican	Arm	male	Skin
SRR3216841_1	29	CaucasianAmerican	Scalp	male	Skin
SRR3216842_1	29	CaucasianAmerican	Scalp	male	Skin
SRR3216843_1	29	CaucasianAmerican	Axilla	male	Skin
SRR3216844_1	29	CaucasianAmerican	Axilla	male	Skin
SRR3216845_1	29	CaucasianAmerican	Arm	male	Skin
SRR3216846_1	29	CaucasianAmerican	Arm	male	Skin
SRR3216847_1	21	EastAsian	Scalp	male	Skin
SRR3216848_1	21	EastAsian	Axilla	male	Skin
SRR3216849_1	21	EastAsian	Scalp	male	Skin
SRR3216850_1	21	EastAsian	Axilla	male	Skin
SRR3216851_1	21	EastAsian	Arm	male	Skin
SRR3216852_1	21	EastAsian	Arm	male	Skin
SRR3216853_1	21	EastAsian	Scalp	male	Skin
SRR3216854_1	21	EastAsian	Axilla	male	Skin
SRR3216855_1	21	EastAsian	Scalp	male	Skin
SRR3216856_1	21	EastAsian	Axilla	male	Skin
SRR3216857_1	21	EastAsian	Arm	male	Skin
SRR3216858_1	21	EastAsian	Arm	male	Skin
SRR3216859_1	23	EastAsian	Scalp	male	Skin
SRR3216860_1	23	EastAsian	Axilla	male	Skin
SRR3216861_1	23	EastAsian	Scalp	male	Skin
SRR3216862_1	23	EastAsian	Axilla	male	Skin
SRR3216863_1	23	EastAsian	Arm	male	Skin
SRR3216864_1	23	EastAsian	Arm	male	Skin
SRR3216865_1	21	EastAsian	Scalp	male	Skin
SRR3216866_1	21	EastAsian	Axilla	male	Skin
SRR3216867_1	21	EastAsian	Scalp	male	Skin
SRR3216868_1	21	EastAsian	Axilla	male	Skin
SRR3216869_1	21	EastAsian	Arm	male	Skin
SRR3216870_1	21	EastAsian	Arm	male	Skin
SRR3216871_1	22	EastAsian	Scalp	male	Skin
SRR3216872_1	22	EastAsian	Axilla	male	Skin
SRR3216873_1	22	EastAsian	Scalp	male	Skin
SRR3216874_1	22	EastAsian	Axilla	male	Skin
SRR3216875_1	22	EastAsian	Arm	male	Skin
SRR3216876_1	22	EastAsian	Arm	male	Skin
SRR3216877_1	21	EastAsian	Scalp	male	Skin
SRR3216878_1	21	EastAsian	Axilla	male	Skin
SRR3216879_1	21	EastAsian	Scalp	male	Skin
SRR3216880_1	21	EastAsian	Axilla	male	Skin
SRR3216881_1	21	EastAsian	Arm	male	Skin
SRR3216882_1	21	EastAsian	Arm	male	Skin
SRR3216883_1	21	EastAsian	Scalp	male	Skin
SRR3216884_1	21	EastAsian	Axilla	male	Skin
SRR3216885_1	21	EastAsian	Scalp	male	Skin
SRR3216886_1	21	EastAsian	Axilla	male	Skin
SRR3216887_1	21	EastAsian	Arm	male	Skin
SRR3216888_1	21	EastAsian	Arm	male	Skin
SRR3216889_1	21	EastAsian	Scalp	male	Skin
SRR3216890_1	21	EastAsian	Axilla	male	Skin
SRR3216891_1	21	EastAsian	Scalp	male	Skin
SRR3216892_1	21	EastAsian	Axilla	male	Skin
SRR3216893_1	21	EastAsian	Arm	male	Skin
SRR3216894_1	21	EastAsian	Arm	male	Skin
SRR3216895_1	21	EastAsian	Scalp	male	Skin
SRR3216896_1	21	EastAsian	Axilla	male	Skin
SRR3216897_1	21	EastAsian	Scalp	male	Skin
SRR3216898_1	21	EastAsian	Axilla	male	Skin
SRR3216899_1	21	EastAsian	Arm	male	Skin
SRR3216900_1	21	EastAsian	Arm	male	Skin
SRR3216901_1	21	EastAsian	Scalp	male	Skin
SRR3216902_1	21	EastAsian	Axilla	male	Skin
SRR3216903_1	21	EastAsian	Scalp	male	Skin
SRR3216904_1	21	EastAsian	Axilla	male	Skin
SRR3216905_1	21	EastAsian	Arm	male	Skin
SRR3216906_1	21	EastAsian	Arm	male	Skin
SRR3216907_1	21	EastAsian	Scalp	male	Skin
SRR3216908_1	21	EastAsian	Axilla	male	Skin
SRR3216909_1	21	EastAsian	Scalp	male	Skin
SRR3216910_1	21	EastAsian	Axilla	male	Skin
SRR3216911_1	21	EastAsian	Arm	male	Skin
SRR3216912_1	21	EastAsian	Arm	male	Skin
SRR3216913_1	21	EastAsian	Scalp	male	Skin
SRR3216914_1	21	EastAsian	Axilla	male	Skin
SRR3216915_1	21	EastAsian	Scalp	male	Skin
SRR3216916_1	21	EastAsian	Axilla	male	Skin
SRR3216917_1	21	EastAsian	Arm	male	Skin
SRR3216918_1	21	EastAsian	Arm	male	Skin
SRR3216919_1	21	EastAsian	Scalp	male	Skin
SRR3216920_1	21	EastAsian	Axilla	male	Skin
SRR3216921_1	21	EastAsian	Scalp	male	Skin
SRR3216922_1	21	EastAsian	Axilla	male	Skin
SRR3216923_1	21	EastAsian	Arm	male	Skin
SRR3216924_1	21	EastAsian	Arm	male	Skin
SRR3216925_1	21	EastAsian	Scalp	male	Skin
SRR3216926_1	21	EastAsian	Axilla	male	Skin
SRR3216927_1	21	EastAsian	Scalp	male	Skin
SRR3216928_1	21	EastAsian	Axilla	male	Skin
SRR3216929_1	21	EastAsian	Arm	male	Skin
SRR3216930_1	21	EastAsian	Arm	male	Skin
SRR3216931_1	21	EastAsian	Scalp	male	Skin
SRR3216932_1	21	EastAsian	Axilla	male	Skin
SRR3216933_1	21	EastAsian	Scalp	male	Skin
SRR3216934_1	21	EastAsian	Axilla	male	Skin
SRR3216935_1	21	EastAsian	Arm	male	Skin
SRR3216936_1	21	EastAsian	Arm	male	Skin
SRR3216937_1	22	EastAsian	Scalp	male	Skin
SRR3216938_1	22	EastAsian	Axilla	male	Skin
SRR3216939_1	22	EastAsian	Scalp	male	Skin
SRR3216940_1	22	EastAsian	Axilla	male	Skin
SRR3216941_1	22	EastAsian	Arm	male	Skin
SRR3216942_1	22	EastAsian	Arm	male	Skin
SRR3216943_1	21	EastAsian	Scalp	male	Skin
SRR3216944_1	21	EastAsian	Axilla	male	Skin
SRR3216945_1	21	EastAsian	Scalp	male	Skin
SRR3216946_1	21	EastAsian	Axilla	male	Skin
SRR3216947_1	21	EastAsian	Arm	male	Skin
SRR3216948_1	21	EastAsian	Arm	male	Skin
SRR3216949_1	22	EastAsian	Scalp	male	Skin
SRR3216950_1	22	EastAsian	Axilla	male	Skin
SRR3216951_1	22	EastAsian	Scalp	male	Skin
SRR3216952_1	22	EastAsian	Axilla	male	Skin
SRR3216953_1	22	EastAsian	Arm	male	Skin
SRR3216954_1	22	EastAsian	Arm	male	Skin
SRR3216955_1	22	EastAsian	Scalp	male	Skin
SRR3216956_1	22	EastAsian	Axilla	male	Skin
SRR3216957_1	22	EastAsian	Scalp	male	Skin
SRR3216958_1	22	EastAsian	Axilla	male	Skin
SRR3216959_1	22	EastAsian	Arm	male	Skin
SRR3216960_1	22	EastAsian	Arm	male	Skin
SRR3216961_1	47	EastAsian	Scalp	male	Skin
SRR3216962_1	47	EastAsian	Axilla	male	Skin
SRR3216963_1	47	EastAsian	Scalp	male	Skin
SRR3216964_1	47	EastAsian	Axilla	male	Skin
SRR3216965_1	47	EastAsian	Arm	male	Skin
SRR3216966_1	47	EastAsian	Arm	male	Skin
SRR3216967_1	25	EastAsian	Scalp	male	Skin
SRR3216968_1	25	EastAsian	Axilla	male	Skin
SRR3216969_1	25	EastAsian	Scalp	male	Skin
SRR3216970_1	25	EastAsian	Axilla	male	Skin
SRR3216971_1	25	EastAsian	Arm	male	Skin
SRR3216972_1	25	EastAsian	Arm	male	Skin
SRR3216973_1	43	EastAsian	Scalp	male	Skin
SRR3216974_1	43	EastAsian	Axilla	male	Skin
SRR3216975_1	43	EastAsian	Scalp	male	Skin
SRR3216976_1	43	EastAsian	Axilla	male	Skin
SRR3216977_1	43	EastAsian	Arm	male	Skin
SRR3216978_1	43	EastAsian	Arm	male	Skin
SRR3216979_1	23	EastAsian	Scalp	male	Skin
SRR3216980_1	23	EastAsian	Axilla	male	Skin
SRR3216981_1	23	EastAsian	Scalp	male	Skin
SRR3216982_1	23	EastAsian	Axilla	male	Skin
SRR3216983_1	23	EastAsian	Arm	male	Skin
SRR3216984_1	23	EastAsian	Arm	male	Skin
SRR3216985_1	24	EastAsian	Scalp	male	Skin
SRR3216986_1	24	EastAsian	Axilla	male	Skin
SRR3216987_1	24	EastAsian	Scalp	male	Skin
SRR3216988_1	24	EastAsian	Axilla	male	Skin
SRR3216989_1	24	EastAsian	Arm	male	Skin
SRR3216990_1	24	EastAsian	Arm	male	Skin
SRR3216991_1	34	EastAsian	Scalp	male	Skin
SRR3216992_1	34	EastAsian	Axilla	male	Skin
SRR3216993_1	34	EastAsian	Scalp	male	Skin
SRR3216994_1	34	EastAsian	Axilla	male	Skin
SRR3216995_1	34	EastAsian	Arm	male	Skin
SRR3216996_1	34	EastAsian	Arm	male	Skin
SRR3216997_1	34	Hispanic	Scalp	male	Skin
SRR3216998_1	34	Hispanic	Axilla	male	Skin
SRR3216999_1	34	Hispanic	Scalp	male	Skin
SRR3217000_1	34	Hispanic	Axilla	male	Skin
SRR3217001_1	34	Hispanic	Arm	male	Skin
SRR3217002_1	34	Hispanic	Arm	male	Skin
SRR3217003_1	35	Hispanic	Scalp	male	Skin
SRR3217004_1	35	Hispanic	Axilla	male	Skin
SRR3217005_1	35	Hispanic	Arm	male	Skin
SRR3217006_1	31	Hispanic	Scalp	male	Skin
SRR3217007_1	31	Hispanic	Axilla	male	Skin
SRR3217008_1	31	Hispanic	Scalp	male	Skin
SRR3217009_1	31	Hispanic	Axilla	male	Skin
SRR3217010_1	31	Hispanic	Arm	male	Skin
SRR3217011_1	31	Hispanic	Arm	male	Skin
SRR3217012_1	34	Hispanic	Scalp	male	Skin
SRR3217013_1	34	Hispanic	Axilla	male	Skin
SRR3217014_1	34	Hispanic	Scalp	male	Skin
SRR3217015_1	34	Hispanic	Axilla	male	Skin
SRR3217016_1	34	Hispanic	Arm	male	Skin
SRR3217017_1	34	Hispanic	Arm	male	Skin
SRR3217018_1	29	Hispanic	Scalp	male	Skin
SRR3217019_1	29	Hispanic	Axilla	male	Skin
SRR3217020_1	29	Hispanic	Scalp	male	Skin
SRR3217021_1	29	Hispanic	Axilla	male	Skin
SRR3217022_1	29	Hispanic	Arm	male	Skin
SRR3217023_1	29	Hispanic	Arm	male	Skin
SRR3217024_1	37	Hispanic	Scalp	male	Skin
SRR3217025_1	37	Hispanic	Axilla	male	Skin
SRR3217026_1	37	Hispanic	Scalp	male	Skin
SRR3217027_1	37	Hispanic	Axilla	male	Skin
SRR3217028_1	37	Hispanic	Arm	male	Skin
SRR3217029_1	37	Hispanic	Arm	male	Skin
SRR3217030_1	37	Hispanic	Scalp	male	Skin
SRR3217031_1	37	Hispanic	Axilla	male	Skin
SRR3217032_1	37	Hispanic	Scalp	male	Skin
SRR3217033_1	37	Hispanic	Axilla	male	Skin
SRR3217034_1	37	Hispanic	Arm	male	Skin
SRR3217035_1	37	Hispanic	Arm	male	Skin
SRR3217036_1	36	Hispanic	Scalp	male	Skin
SRR3217037_1	36	Hispanic	Axilla	male	Skin
SRR3217038_1	36	Hispanic	Scalp	male	Skin
SRR3217039_1	36	Hispanic	Axilla	male	Skin
SRR3217040_1	36	Hispanic	Arm	male	Skin
SRR3217041_1	36	Hispanic	Arm	male	Skin
SRR3217042_1	30	Hispanic	Scalp	male	Skin
SRR3217043_1	30	Hispanic	Axilla	male	Skin
SRR3217044_1	30	Hispanic	Scalp	male	Skin
SRR3217045_1	30	Hispanic	Axilla	male	Skin
SRR3217046_1	30	Hispanic	Arm	male	Skin
SRR3217047_1	30	Hispanic	Arm	male	Skin
SRR3217048_1	23	Hispanic	Scalp	male	Skin
SRR3217049_1	23	Hispanic	Axilla	male	Skin
SRR3217050_1	23	Hispanic	Scalp	male	Skin
SRR3217051_1	23	Hispanic	Axilla	male	Skin
SRR3217052_1	23	Hispanic	Arm	male	Skin
SRR3217053_1	23	Hispanic	Arm	male	Skin
SRR3217054_1	29	Hispanic	Scalp	male	Skin
SRR3217055_1	29	Hispanic	Axilla	male	Skin
SRR3217056_1	29	Hispanic	Scalp	male	Skin
SRR3217057_1	29	Hispanic	Axilla	male	Skin
SRR3217058_1	29	Hispanic	Arm	male	Skin
SRR3217059_1	29	Hispanic	Arm	male	Skin
SRR3217060_1	30	Hispanic	Scalp	male	Skin
SRR3217061_1	30	Hispanic	Axilla	male	Skin
SRR3217062_1	30	Hispanic	Scalp	male	Skin
SRR3217063_1	30	Hispanic	Axilla	male	Skin
SRR3217064_1	30	Hispanic	Arm	male	Skin
SRR3217065_1	30	Hispanic	Arm	male	Skin
SRR3217066_1	26	Hispanic	Scalp	male	Skin
SRR3217067_1	26	Hispanic	Axilla	male	Skin
SRR3217068_1	26	Hispanic	Scalp	male	Skin
SRR3217069_1	26	Hispanic	Axilla	male	Skin
SRR3217070_1	26	Hispanic	Arm	male	Skin
SRR3217071_1	26	Hispanic	Arm	male	Skin
SRR3217072_1	21	Hispanic	Scalp	male	Skin
SRR3217073_1	21	Hispanic	Axilla	male	Skin
SRR3217074_1	21	Hispanic	Scalp	male	Skin
SRR3217075_1	21	Hispanic	Axilla	male	Skin
SRR3217076_1	21	Hispanic	Arm	male	Skin
SRR3217077_1	21	Hispanic	Arm	male	Skin
SRR3217078_1	24	Hispanic	Scalp	male	Skin
SRR3217079_1	24	Hispanic	Axilla	male	Skin
SRR3217080_1	24	Hispanic	Scalp	male	Skin
SRR3217081_1	24	Hispanic	Axilla	male	Skin
SRR3217082_1	24	Hispanic	Arm	male	Skin
SRR3217083_1	24	Hispanic	Arm	male	Skin
SRR3217084_1	26	Hispanic	Scalp	male	Skin
SRR3217085_1	26	Hispanic	Axilla	male	Skin
SRR3217086_1	26	Hispanic	Scalp	male	Skin
SRR3217087_1	26	Hispanic	Axilla	male	Skin
SRR3217088_1	26	Hispanic	Arm	male	Skin
SRR3217089_1	26	Hispanic	Arm	male	Skin
SRR3217090_1	28	Hispanic	Scalp	male	Skin
SRR3217091_1	28	Hispanic	Axilla	male	Skin
SRR3217092_1	28	Hispanic	Scalp	male	Skin
SRR3217093_1	28	Hispanic	Axilla	male	Skin
SRR3217094_1	28	Hispanic	Arm	male	Skin
SRR3217095_1	28	Hispanic	Arm	male	Skin
SRR3217096_1	30	Hispanic	Scalp	male	Skin
SRR3217097_1	30	Hispanic	Axilla	male	Skin
SRR3217098_1	30	Hispanic	Scalp	male	Skin
SRR3217099_1	30	Hispanic	Axilla	male	Skin
SRR3217100_1	30	Hispanic	Arm	male	Skin
SRR3217101_1	30	Hispanic	Arm	male	Skin
SRR3217102_1	27	Hispanic	Scalp	male	Skin
SRR3217103_1	27	Hispanic	Axilla	male	Skin
SRR3217104_1	27	Hispanic	Scalp	male	Skin
SRR3217105_1	27	Hispanic	Axilla	male	Skin
SRR3217106_1	27	Hispanic	Arm	male	Skin
SRR3217107_1	27	Hispanic	Arm	male	Skin
SRR3217108_1	33	Hispanic	Scalp	male	Skin
SRR3217109_1	33	Hispanic	Axilla	male	Skin
SRR3217110_1	33	Hispanic	Scalp	male	Skin
SRR3217111_1	33	Hispanic	Axilla	male	Skin
SRR3217112_1	33	Hispanic	Arm	male	Skin
SRR3217113_1	33	Hispanic	Arm	male	Skin
SRR3217114_1	45	SouthAsian	Scalp	male	Skin
SRR3217115_1	45	SouthAsian	Axilla	male	Skin
SRR3217116_1	45	SouthAsian	Scalp	male	Skin
SRR3217117_1	45	SouthAsian	Axilla	male	Skin
SRR3217118_1	45	SouthAsian	Arm	male	Skin
SRR3217119_1	45	SouthAsian	Arm	male	Skin
SRR3217120_1	31	SouthAsian	Scalp	male	Skin
SRR3217121_1	31	SouthAsian	Axilla	male	Skin
SRR3217122_1	31	SouthAsian	Scalp	male	Skin
SRR3217123_1	31	SouthAsian	Axilla	male	Skin
SRR3217124_1	31	SouthAsian	Arm	male	Skin
SRR3217125_1	31	SouthAsian	Arm	male	Skin
SRR3217126_1	48	SouthAsian	Scalp	male	Skin
SRR3217127_1	48	SouthAsian	Axilla	male	Skin
SRR3217128_1	48	SouthAsian	Scalp	male	Skin
SRR3217129_1	48	SouthAsian	Axilla	male	Skin
SRR3217130_1	48	SouthAsian	Arm	male	Skin
SRR3217131_1	48	SouthAsian	Arm	male	Skin
SRR3217132_1	38	SouthAsian	Scalp	male	Skin
SRR3217133_1	38	SouthAsian	Axilla	male	Skin
SRR3217134_1	38	SouthAsian	Scalp	male	Skin
SRR3217135_1	38	SouthAsian	Axilla	male	Skin
SRR3217136_1	38	SouthAsian	Arm	male	Skin
SRR3217137_1	38	SouthAsian	Arm	male	Skin
SRR3217138_1	42	SouthAsian	Scalp	male	Skin
SRR3217139_1	42	SouthAsian	Axilla	male	Skin
SRR3217140_1	42	SouthAsian	Scalp	male	Skin
SRR3217141_1	42	SouthAsian	Axilla	male	Skin
SRR3217142_1	42	SouthAsian	Arm	male	Skin
SRR3217143_1	42	SouthAsian	Arm	male	Skin
SRR3217144_1	35	SouthAsian	Scalp	male	Skin
SRR3217145_1	35	SouthAsian	Axilla	male	Skin
SRR3217146_1	35	SouthAsian	Scalp	male	Skin
SRR3217147_1	35	SouthAsian	Axilla	male	Skin
SRR3217148_1	35	SouthAsian	Arm	male	Skin
SRR3217149_1	35	SouthAsian	Arm	male	Skin
SRR3217150_1	30	SouthAsian	Scalp	male	Skin
SRR3217151_1	30	SouthAsian	Axilla	male	Skin
SRR3217152_1	30	SouthAsian	Arm	male	Skin
SRR3217153_1	24	SouthAsian	Scalp	male	Skin
SRR3217154_1	24	SouthAsian	Axilla	male	Skin
SRR3217155_1	24	SouthAsian	Arm	male	Skin
SRR3217156_1	47	SouthAsian	Scalp	male	Skin
SRR3217157_1	47	SouthAsian	Axilla	male	Skin
SRR3217158_1	47	SouthAsian	Scalp	male	Skin
SRR3217159_1	47	SouthAsian	Axilla	male	Skin
SRR3217160_1	47	SouthAsian	Arm	male	Skin
SRR3217161_1	47	SouthAsian	Arm	male	Skin
SRR3217162_1	25	SouthAsian	Scalp	male	Skin
SRR3217163_1	25	SouthAsian	Axilla	male	Skin
SRR3217164_1	25	SouthAsian	Scalp	male	Skin
SRR3217165_1	25	SouthAsian	Axilla	male	Skin
SRR3217166_1	25	SouthAsian	Arm	male	Skin
SRR3217167_1	25	SouthAsian	Arm	male	Skin
SRR3217168_1	36	SouthAsian	Scalp	male	Skin
SRR3217169_1	36	SouthAsian	Axilla	male	Skin
SRR3217170_1	36	SouthAsian	Scalp	male	Skin
SRR3217171_1	36	SouthAsian	Axilla	male	Skin
SRR3217172_1	36	SouthAsian	Arm	male	Skin
SRR3217173_1	36	SouthAsian	Arm	male	Skin
SRR3217174_1	31	SouthAsian	Scalp	male	Skin
SRR3217175_1	31	SouthAsian	Axilla	male	Skin
SRR3217176_1	31	SouthAsian	Scalp	male	Skin
SRR3217177_1	31	SouthAsian	Axilla	male	Skin
SRR3217178_1	31	SouthAsian	Arm	male	Skin
SRR3217179_1	31	SouthAsian	Arm	male	Skin
SRR3217180_1	43	SouthAsian	Scalp	male	Skin
SRR3217181_1	43	SouthAsian	Axilla	male	Skin
SRR3217182_1	43	SouthAsian	Scalp	male	Skin
SRR3217183_1	43	SouthAsian	Axilla	male	Skin
SRR3217184_1	43	SouthAsian	Arm	male	Skin
SRR3217185_1	43	SouthAsian	Arm	male	Skin
SRR3217186_1	44	SouthAsian	Scalp	male	Skin
SRR3217187_1	44	SouthAsian	Axilla	male	Skin
SRR3217188_1	44	SouthAsian	Scalp	male	Skin
SRR3217189_1	44	SouthAsian	Axilla	male	Skin
SRR3217190_1	44	SouthAsian	Arm	male	Skin
SRR3217191_1	44	SouthAsian	Arm	male	Skin
SRR3217192_1	40	SouthAsian	Scalp	male	Skin
SRR3217193_1	40	SouthAsian	Axilla	male	Skin
SRR3217194_1	40	SouthAsian	Scalp	male	Skin
SRR3217195_1	40	SouthAsian	Axilla	male	Skin
SRR3217196_1	40	SouthAsian	Arm	male	Skin
SRR3217197_1	40	SouthAsian	Arm	male	Skin
SRR3217198_1	35	SouthAsian	Scalp	male	Skin
SRR3217199_1	35	SouthAsian	Axilla	male	Skin
SRR3217200_1	35	SouthAsian	Scalp	male	Skin
SRR3217201_1	35	SouthAsian	Axilla	male	Skin
SRR3217202_1	35	SouthAsian	Arm	male	Skin
SRR3217203_1	35	SouthAsian	Arm	male	Skin
SRR3217204_1	25	SouthAsian	Scalp	male	Skin
SRR3217205_1	25	SouthAsian	Axilla	male	Skin
SRR3217206_1	25	SouthAsian	Arm	male	Skin
SRR3217207_1	29	SouthAsian	Scalp	male	Skin
SRR3217208_1	29	SouthAsian	Axilla	male	Skin
SRR3217209_1	29	SouthAsian	Scalp	male	Skin
SRR3217210_1	29	SouthAsian	Axilla	male	Skin
SRR3217211_1	29	SouthAsian	Arm	male	Skin
SRR3217212_1	29	SouthAsian	Arm	male	Skin
SRR3217213_1	30	SouthAsian	Scalp	male	Skin
SRR3217214_1	30	SouthAsian	Axilla	male	Skin
SRR3217215_1	30	SouthAsian	Scalp	male	Skin
SRR3217216_1	30	SouthAsian	Axilla	male	Skin
SRR3217217_1	30	SouthAsian	Arm	male	Skin
SRR3217218_1	30	SouthAsian	Arm	male	Skin
SRR3217219_1	47	SouthAsian	Scalp	male	Skin
SRR3217220_1	47	SouthAsian	Axilla	male	Skin
SRR3217221_1	47	SouthAsian	Arm	male	Skin
SRR3217222_1	25	AfricanContinental	Scalp	male	Skin
SRR3217223_1	25	AfricanContinental	Scalp	male	Skin
SRR3217224_1	25	AfricanContinental	Axilla	male	Skin
SRR3217225_1	25	AfricanContinental	Axilla	male	Skin
SRR3217226_1	25	AfricanContinental	Arm	male	Skin
SRR3217227_1	25	AfricanContinental	Arm	male	Skin
SRR3217228_1	24	AfricanContinental	Scalp	male	Skin
SRR3217229_1	24	AfricanContinental	Scalp	male	Skin
SRR3217230_1	24	AfricanContinental	Axilla	male	Skin
SRR3217231_1	24	AfricanContinental	Axilla	male	Skin
SRR3217232_1	24	AfricanContinental	Arm	male	Skin
SRR3217233_1	24	AfricanContinental	Arm	male	Skin
